https://sefarad.com.tr/wp-content/uploads/2020/10/1.01-me-esto-ambezando-el-Judeo-Espanyol.ogg,https://sefarad.com.tr/wp-content/uploads/2020/10/1.01.-me-esto-ambezando-el-judeo-espanyol.jpeg
https://sefarad.com.tr/wp-content/uploads/2020/10/1.02-yo-me-alevanto-a-las-siete-kada-dia.ogg,https://sefarad.com.tr/wp-content/uploads/2020/10/1.02.-yo-me-alevanto-a-las-siete.jpeg
https://sefarad.com.tr/wp-content/uploads/2020/10/1.03.-me-plaze-meldar.ogg,https://sefarad.com.tr/wp-content/uploads/2020/10/1.03.-me-plaze-meldar.jpeg
https://sefarad.com.tr/wp-content/uploads/2020/10/1.04.-yo-bevo-un-kafe-turko.ogg,https://sefarad.com.tr/wp-content/uploads/2020/10/1.04.-yo-bevo-un-kafe-turko.jpeg
https://sefarad.com.tr/wp-content/uploads/2020/10/1.05.-yo-tengo-dos-kreaturas.ogg,https://sefarad.com.tr/wp-content/uploads/2020/10/1.05.-yo-tengo-dos-kreaturas.jpeg
https://sefarad.com.tr/wp-content/uploads/2020/10/1.06.-esto-muy-kansada.ogg,https://sefarad.com.tr/wp-content/uploads/2020/10/1.06.-esto-muy-kansada.jpeg
https://sefarad.com.tr/wp-content/uploads/2020/10/2.07.-mi-padre-es-doktor.ogg,https://sefarad.com.tr/wp-content/uploads/2020/10/7.-mi-padre-es-doktor.jpeg
https://sefarad.com.tr/wp-content/uploads/2020/10/2.08.-tengo-ser.ogg,https://sefarad.com.tr/wp-content/uploads/2020/10/8.-tengo-ser.jpeg
https://sefarad.com.tr/wp-content/uploads/2020/10/2.09.-el-telefon-esta-sonando.ogg,https://sefarad.com.tr/wp-content/uploads/2020/10/9.-el-telefon-esta-sonando.jpeg
https://sefarad.com.tr/wp-content/uploads/2020/10/2.10.-no-komas-muncho-pan.ogg,https://sefarad.com.tr/wp-content/uploads/2020/10/10.-no-komas-muncho-pan.jpeg
https://sefarad.com.tr/wp-content/uploads/2020/10/2.11.-mi-ermano-esta-hazino.ogg,https://sefarad.com.tr/wp-content/uploads/2020/10/11.-mi-ermano-esta-hazino.jpeg
https://sefarad.com.tr/wp-content/uploads/2020/10/2.12.-mi-mujer-esta-prenyada.ogg,https://sefarad.com.tr/wp-content/uploads/2020/10/12.-mi-mujer-esta-prenyada.jpeg
https://sefarad.com.tr/wp-content/uploads/2020/10/2.13.-mi-vizina-esta-mirando-por-la-ventana.ogg,https://sefarad.com.tr/wp-content/uploads/2020/10/13.-mi-vizina-esta-mirando-por-la-ventana.jpeg
https://sefarad.com.tr/wp-content/uploads/2020/10/3.14.-tengo-kalor.ogg,https://sefarad.com.tr/wp-content/uploads/2020/10/14.-tengo-kalor.jpeg
https://sefarad.com.tr/wp-content/uploads/2020/10/3.15-mi-ija-bive-en-paris.ogg,https://sefarad.com.tr/wp-content/uploads/2020/10/15-mi-ija-bive-en-paris.jpeg
https://sefarad.com.tr/wp-content/uploads/2020/10/3.16-me-plazen-filmos-de-amor.ogg,https://sefarad.com.tr/wp-content/uploads/2020/10/16-me-plazen-filmos-de-amor-300x300.jpeg
https://sefarad.com.tr/wp-content/uploads/2020/10/3.17-la-validja-esta-muy-pezgada.ogg,https://sefarad.com.tr/wp-content/uploads/2020/10/17-la-validja-esta-muy-pezgada-300x300.jpeg
https://sefarad.com.tr/wp-content/uploads/2020/10/3.18.-los-elevos-estan-estudiando.ogg,https://sefarad.com.tr/wp-content/uploads/2020/10/18.los-elevos-estan-estudiando.jpeg
https://sefarad.com.tr/wp-content/uploads/2020/10/3.19.-tu-kaza-esta-muy-leshos.ogg,https://sefarad.com.tr/wp-content/uploads/2020/10/19.-tu-kaza-esta-muy-leshos.jpeg
https://sefarad.com.tr/wp-content/uploads/2020/10/3.20.-tu-madre-giza-muy-bueno.ogg,https://sefarad.com.tr/wp-content/uploads/2020/10/20.-tu-madre-giza-muy-bueno.jpeg
https://sefarad.com.tr/wp-content/uploads/2020/10/21-los-amigos-van-a-vinir-esta-noche.ogg,https://sefarad.com.tr/wp-content/uploads/2020/10/21-los-amigos-van-a-vinir-esta-noche.jpeg
https://sefarad.com.tr/wp-content/uploads/2020/10/22.-no-puedo-vinir-esta-noche.ogg,https://sefarad.com.tr/wp-content/uploads/2020/10/22.-no-puedo-vinir-esta-noche.jpeg
https://sefarad.com.tr/wp-content/uploads/2020/10/23-kale-ke-eskape-mi-echo-en-primero.ogg,https://sefarad.com.tr/wp-content/uploads/2020/10/23-kale-ke-eskape-mi-echo-en-primero.jpeg
https://sefarad.com.tr/wp-content/uploads/2020/10/24-despues-devo-de-ir-al-charshi.ogg,https://sefarad.com.tr/wp-content/uploads/2020/10/24-despues-devo-de-ir-al-charshi.jpeg
https://sefarad.com.tr/wp-content/uploads/2020/10/25-las-botikas-serran-a-las-diez.ogg,https://sefarad.com.tr/wp-content/uploads/2020/10/25-las-botikas-serran-a-las-diez.jpeg
https://sefarad.com.tr/wp-content/uploads/2020/10/26-bueno-vienes-otra-noche-a-tomar-kafe.ogg,https://sefarad.com.tr/wp-content/uploads/2020/10/26-bueno-vienes-otra-noche-a-tomar-kafe.jpeg
https://sefarad.com.tr/wp-content/uploads/2020/10/27-si-va-ser-muncho-mijor-para-mi.ogg,https://sefarad.com.tr/wp-content/uploads/2020/10/27-si-va-ser-muncho-mijor-para-mi.jpeg
https://sefarad.com.tr/wp-content/uploads/2020/10/28-ande-esta-rashel.ogg,https://sefarad.com.tr/wp-content/uploads/2020/10/28-ande-esta-rashel_-300x300.jpeg
https://sefarad.com.tr/wp-content/uploads/2020/10/29-Rashel-se-fue-a-Paris.ogg,https://sefarad.com.tr/wp-content/uploads/2020/10/29-Rashel-se-fue-a-Paris.jpeg
https://sefarad.com.tr/wp-content/uploads/2020/10/30-su-amiga-intima-bive-en-paris.ogg,https://sefarad.com.tr/wp-content/uploads/2020/10/30-su-amiga-intima-bive-en-paris.jpeg
https://sefarad.com.tr/wp-content/uploads/2020/10/31-ken-es-esta-amiga.ogg,https://sefarad.com.tr/wp-content/uploads/2020/10/31-ken-es-esta-amiga_.jpeg
https://sefarad.com.tr/wp-content/uploads/2020/10/32-si-la-konoses.ogg,https://sefarad.com.tr/wp-content/uploads/2020/10/32-si-la-konoses-300x300.jpeg
https://sefarad.com.tr/wp-content/uploads/2020/10/33-berta-muestra-amiga-de-büyükada.ogg,https://sefarad.com.tr/wp-content/uploads/2020/10/33-berta-muestra-amiga-de-buyukada_-300x300.jpeg
https://sefarad.com.tr/wp-content/uploads/2020/10/34-si-akeya-berta.ogg,https://sefarad.com.tr/wp-content/uploads/2020/10/34-si-akeya-berta.jpeg
https://sefarad.com.tr/wp-content/uploads/2020/10/35-este-viernes-empesa-pesah.ogg,https://sefarad.com.tr/wp-content/uploads/2020/10/35-este-viernes-empesa-pesah.jpeg
https://sefarad.com.tr/wp-content/uploads/2020/10/36-ay-dos-semanas-ke-esto-en-el-mupak.ogg,https://sefarad.com.tr/wp-content/uploads/2020/10/36-ay-dos-semanas-ke-esto-en-el-mupak.jpeg
https://sefarad.com.tr/wp-content/uploads/2020/10/37-tenemos-20-personas-a-komer.ogg,https://sefarad.com.tr/wp-content/uploads/2020/10/37-tenemos-20-personas-a-komer.jpeg
https://sefarad.com.tr/wp-content/uploads/2020/10/38-la-noche-de-pesah-se-kome-i-se-beve.ogg,https://sefarad.com.tr/wp-content/uploads/2020/10/38-la-noche-de-pesah-se-kome-i-se-beve.jpeg
https://sefarad.com.tr/wp-content/uploads/2020/10/39-no-se-kome-pan.ogg,https://sefarad.com.tr/wp-content/uploads/2020/10/39-no-se-kome-pan.jpeg
https://sefarad.com.tr/wp-content/uploads/2020/10/40-las-komidas-ke-me-plazen.ogg,https://sefarad.com.tr/wp-content/uploads/2020/10/40-las-komidas-ke-me-plazen.jpeg
https://sefarad.com.tr/wp-content/uploads/2020/10/41-todos-empesan-a-azer-dieta.ogg,https://sefarad.com.tr/wp-content/uploads/2020/10/41-todos-empesan-a-azer-dieta.jpeg
https://sefarad.com.tr/wp-content/uploads/2020/10/42-la-primavera-esta-aki.ogg,https://sefarad.com.tr/wp-content/uploads/2020/10/42-la-primavera-esta-aki.jpeg
https://sefarad.com.tr/wp-content/uploads/2020/10/43-los-arvoles-ya-empesaron-de-inchirsen-de-ojas-vedres.ogg,https://sefarad.com.tr/wp-content/uploads/2020/10/43-los-arvoles-ya-empesaron-de-inchirsen-de-ojas-vedres.jpeg
https://sefarad.com.tr/wp-content/uploads/2020/10/44-las-guertas-estan-yenas.ogg,https://sefarad.com.tr/wp-content/uploads/2020/10/44-las-guertas-estan-yenas.jpeg
https://sefarad.com.tr/wp-content/uploads/2020/10/45-en-avril-aze-muncha-luvya.ogg,https://sefarad.com.tr/wp-content/uploads/2020/10/45-en-avril-aze-muncha-luvya.jpeg
https://sefarad.com.tr/wp-content/uploads/2020/10/46-despues-de-las-luvyas-el-sol-siempre-briya.ogg,https://sefarad.com.tr/wp-content/uploads/2020/10/46-despues-de-las-luvyas-el-sol-siempre-briya-300x300.jpeg
https://sefarad.com.tr/wp-content/uploads/2020/10/47-kuando-el-sol-briya-todos-estan-felizes.ogg,https://sefarad.com.tr/wp-content/uploads/2020/10/47-kuando-el-sol-briya-todos-estan-felizes.jpeg
https://sefarad.com.tr/wp-content/uploads/2020/10/48-la-primavera-es-la-mijor-sezon-del-anyo.ogg,https://sefarad.com.tr/wp-content/uploads/2020/10/48-la-primavera-es-la-mijor-sezon-del-anyo.jpeg
https://sefarad.com.tr/wp-content/uploads/2020/10/49-los-chikos-estan-en-el-parko.ogg,https://sefarad.com.tr/wp-content/uploads/2020/10/49-los-chikos-estan-en-el-parko.jpeg
https://sefarad.com.tr/wp-content/uploads/2020/10/50-se-estan-paseando-kon-las-bisikletas.ogg,https://sefarad.com.tr/wp-content/uploads/2020/10/50-se-estan-paseando-kon-las-bisikletas.jpeg
https://sefarad.com.tr/wp-content/uploads/2020/10/51-las-madres-estan-asentadas-en-los-bankos-del-parko.ogg,https://sefarad.com.tr/wp-content/uploads/2020/10/51-las-madres-estan-asentadas-en-los-bankos-del-parko.jpeg
https://sefarad.com.tr/wp-content/uploads/2020/10/52-eyas-estan-aziendo-muabbet.ogg,https://sefarad.com.tr/wp-content/uploads/2020/10/52-eyas-estan-aziendo-muabbet.jpeg
https://sefarad.com.tr/wp-content/uploads/2020/10/53-estan-mirando-la-ora.ogg,https://sefarad.com.tr/wp-content/uploads/2020/10/53-estan-mirando-la-ora.jpeg
https://sefarad.com.tr/wp-content/uploads/2020/10/54-las-madres-estan-yamando-a-los-chikos.ogg,https://sefarad.com.tr/wp-content/uploads/2020/10/54-las-madres-estan-yamando-a-los-chikos.jpeg
https://sefarad.com.tr/wp-content/uploads/2020/10/55-los-chikos-tienen-ambre-i-vienen-korriendo.ogg,https://sefarad.com.tr/wp-content/uploads/2020/10/55-los-chikos-tienen-ambre-i-vienen-korriendo.jpeg
https://sefarad.com.tr/wp-content/uploads/2020/10/56-oy-es-el-aniversario-de-mi-marido.ogg,https://sefarad.com.tr/wp-content/uploads/2020/10/56-oy-es-el-aniversario-de-mi-marido.jpeg
https://sefarad.com.tr/wp-content/uploads/2020/10/57-no-se-ke-merkarle-or-regalo.ogg,https://sefarad.com.tr/wp-content/uploads/2020/10/57-no-se-ke-merkarle-or-regalo.jpeg
https://sefarad.com.tr/wp-content/uploads/2020/10/58-es-muy-difisil-topar.ogg,https://sefarad.com.tr/wp-content/uploads/2020/10/58-es-muy-difisil-topar.jpeg
https://sefarad.com.tr/wp-content/uploads/2020/10/59-asta-agora-le-di-una-kamiza.ogg,https://sefarad.com.tr/wp-content/uploads/2020/10/59-asta-agora-le-di-una-kamiza.jpeg
https://sefarad.com.tr/wp-content/uploads/2020/10/60-a-si.-tiene-menester-de.ogg,https://sefarad.com.tr/wp-content/uploads/2020/10/60-a-si.-tiene-menester-de.jpeg
https://sefarad.com.tr/wp-content/uploads/2020/10/61-va-ser-difisil-eskojer-la-kolor.ogg,https://sefarad.com.tr/wp-content/uploads/2020/10/61-va-ser-difisil-eskojer-la-kolor.jpeg
https://sefarad.com.tr/wp-content/uploads/2020/10/62-a-mi-marido-le-plaze-kolores-kuyi.ogg,https://sefarad.com.tr/wp-content/uploads/2020/10/62-a-mi-marido-le-plaze-kolores-kuyi.jpeg
https://sefarad.com.tr/wp-content/uploads/2020/10/63-amanyana-la-noche-tenemos-parti.ogg,https://sefarad.com.tr/wp-content/uploads/2020/10/63-amanyana-la-noche-tenemos-parti.jpeg
https://sefarad.com.tr/wp-content/uploads/2020/10/64-amanyana-se-serran-las-eskolas.ogg,https://sefarad.com.tr/wp-content/uploads/2020/10/64-amanyana-se-serran-las-eskolas.jpeg
https://sefarad.com.tr/wp-content/uploads/2020/10/65-la-klasa-entera-vamos-a-selebrar.ogg,https://sefarad.com.tr/wp-content/uploads/2020/10/65-la-klasa-entera-vamos-a-selebrar.jpeg
https://sefarad.com.tr/wp-content/uploads/2020/10/66-las-ijas-se-van-a-vistir-fostanes-largos.ogg,https://sefarad.com.tr/wp-content/uploads/2020/10/66-las-ijas-se-van-a-vistir-fostanes-largos.jpeg
https://sefarad.com.tr/wp-content/uploads/2020/10/67-los-ijos-se-van-a-vistir-kostumes.ogg,https://sefarad.com.tr/wp-content/uploads/2020/10/67-los-ijos-se-van-a-vistir-kostumes.jpeg
https://sefarad.com.tr/wp-content/uploads/2020/10/68-el-parti-va-ser-en-un-vapor.ogg,https://sefarad.com.tr/wp-content/uploads/2020/10/68-el-parti-va-ser-en-un-vapor.jpeg
https://sefarad.com.tr/wp-content/uploads/2020/10/69-vamos-a-komer-bever-i-bailar.ogg,https://sefarad.com.tr/wp-content/uploads/2020/10/69-vamos-a-komer-bever-i-bailar.jpeg
https://sefarad.com.tr/wp-content/uploads/2020/10/70-Estambul-es-mi-sivdad-preferida.ogg,https://sefarad.com.tr/wp-content/uploads/2020/10/70-Estambul-es-mi-sivdad-preferida.jpeg
https://sefarad.com.tr/wp-content/uploads/2020/10/71-los-turistos-topan-munchas-kozas.ogg,https://sefarad.com.tr/wp-content/uploads/2020/10/71-los-turistos-topan-munchas-kozas.jpeg
https://sefarad.com.tr/wp-content/uploads/2020/10/72-el-Bosfor-kon-sus-pontes.ogg,https://sefarad.com.tr/wp-content/uploads/2020/10/72-el-Bosfor-kon-sus-pontes.jpeg
https://sefarad.com.tr/wp-content/uploads/2020/10/73-los-kebapes-i-las-baklavas.ogg,https://sefarad.com.tr/wp-content/uploads/2020/10/73-los-kebapes-i-las-baklavas.jpeg
https://sefarad.com.tr/wp-content/uploads/2020/10/74-kale-ver-Estambol-para-kreer.ogg,https://sefarad.com.tr/wp-content/uploads/2020/10/74-kale-ver-Estambol-para-kreer.jpeg
https://sefarad.com.tr/wp-content/uploads/2020/10/75-el-muevo-livro-de-Izzet.ogg,https://sefarad.com.tr/wp-content/uploads/2020/10/75-el-muevo-livro-de-Izzet.jpeg
https://sefarad.com.tr/wp-content/uploads/2020/10/76-veni-a-ver-Estambol.ogg,https://sefarad.com.tr/wp-content/uploads/2020/10/76-veni-a-ver-Estambol.jpeg
https://sefarad.com.tr/wp-content/uploads/2020/10/77-una-kazamentera.ogg,https://sefarad.com.tr/wp-content/uploads/2020/10/77-una-kazamentera.jpeg
https://sefarad.com.tr/wp-content/uploads/2020/10/78-una-ichizera.ogg,https://sefarad.com.tr/wp-content/uploads/2020/10/78-una-ichizera.jpeg
https://sefarad.com.tr/wp-content/uploads/2020/10/79-un-haham.ogg,https://sefarad.com.tr/wp-content/uploads/2020/10/79-un-haham.jpeg
https://sefarad.com.tr/wp-content/uploads/2020/10/80-un-hazan.ogg,https://sefarad.com.tr/wp-content/uploads/2020/10/80-un-hazan.jpeg
https://sefarad.com.tr/wp-content/uploads/2020/10/81-una-rubisa.ogg,https://sefarad.com.tr/wp-content/uploads/2020/10/81-una-rubisa.jpeg
https://sefarad.com.tr/wp-content/uploads/2020/10/82-una-nikochera.ogg,https://sefarad.com.tr/wp-content/uploads/2020/10/82-una-nikochera.jpeg
https://sefarad.com.tr/wp-content/uploads/2020/10/83-un-shastre.ogg,https://sefarad.com.tr/wp-content/uploads/2020/10/83-un-shastre.jpeg
https://sefarad.com.tr/wp-content/uploads/2020/10/84-sara-i-moshe-estan-flörtando.ogg,https://sefarad.com.tr/wp-content/uploads/2020/10/84-sara-i-moshe-estan-flortando.jpeg
https://sefarad.com.tr/wp-content/uploads/2020/10/85-moshe-le-traye-una-roza.ogg,https://sefarad.com.tr/wp-content/uploads/2020/10/85-moshe-le-traye-una-roza.jpeg
https://sefarad.com.tr/wp-content/uploads/2020/10/86-sara-le-aze-un-kave.ogg,https://sefarad.com.tr/wp-content/uploads/2020/10/86-sara-le-aze-un-kave.jpeg
https://sefarad.com.tr/wp-content/uploads/2020/10/87-a-sara-i-moshe-les-plaze-ir-al-sinema.ogg,https://sefarad.com.tr/wp-content/uploads/2020/10/87-a-sara-i-moshe-les-plaze-ir-al-sinema.jpeg
https://sefarad.com.tr/wp-content/uploads/2020/10/88-a-vezes-se-van-a-pasear-en-el-bodre-de-la-mar.ogg,https://sefarad.com.tr/wp-content/uploads/2020/10/88-a-vezes-se-van-a-pasear-en-el-bodre-de-la-mar.jpeg
https://sefarad.com.tr/wp-content/uploads/2020/10/89-la-madre-de-sara-esta-aparejando-el-ashugar.ogg,https://sefarad.com.tr/wp-content/uploads/2020/10/89-la-madre-de-sara-esta-aparejando-el-ashugar.jpeg
https://sefarad.com.tr/wp-content/uploads/2020/10/90-el-padre-de-sara-esta-aparejando-la-dota.ogg,https://sefarad.com.tr/wp-content/uploads/2020/10/90-el-padre-de-sara-esta-aparejando-la-dota.jpeg
https://sefarad.com.tr/wp-content/uploads/2020/10/91-sara-i-moshe-estan-enamorados.ogg,https://sefarad.com.tr/wp-content/uploads/2020/10/91-sara-i-moshe-estan-enamorados.jpeg
https://sefarad.com.tr/wp-content/uploads/2020/10/92-eyos-se-keren-kazar.ogg,https://sefarad.com.tr/wp-content/uploads/2020/10/92-eyos-se-keren-kazar.jpeg
https://sefarad.com.tr/wp-content/uploads/2020/10/93-este-anyo-sara-va-eskapar-la-universidad.ogg,https://sefarad.com.tr/wp-content/uploads/2020/10/93-este-anyo-sara-va-eskapar-la-universidad.jpeg
https://sefarad.com.tr/wp-content/uploads/2020/10/94-sara-esta-estudiando-ley.ogg,https://sefarad.com.tr/wp-content/uploads/2020/10/94-sara-esta-estudiando-ley.jpeg
https://sefarad.com.tr/wp-content/uploads/2020/10/95-moshe-es-doktor-i-lavora-en-un-ospital.ogg,https://sefarad.com.tr/wp-content/uploads/2020/10/95-moshe-es-doktor-i-lavora-en-un-ospital.jpeg
https://sefarad.com.tr/wp-content/uploads/2020/10/96-sara-i-moshe-keren-merkar-una-kaza.ogg,https://sefarad.com.tr/wp-content/uploads/2020/10/96-sara-i-moshe-keren-merkar-una-kaza.jpeg
https://sefarad.com.tr/wp-content/uploads/2020/10/97-eyos-keren-una-kaza-afuera-de-la-sivdad.ogg,https://sefarad.com.tr/wp-content/uploads/2020/10/97-eyos-keren-una-kaza-afuera-de-la-sivdad.jpeg
https://sefarad.com.tr/wp-content/uploads/2020/10/98-en-enverano-sara-i-moshe-se-van-a-büyükada.ogg,https://sefarad.com.tr/wp-content/uploads/2020/10/98-en-enverano-sara-i-moshe-se-van-a-buyukada.jpeg
https://sefarad.com.tr/wp-content/uploads/2020/10/99-eyos-tienen-una-kaza-en-büyükada.ogg,https://sefarad.com.tr/wp-content/uploads/2020/10/99-eyos-tienen-una-kaza-en-buyukada.jpeg
https://sefarad.com.tr/wp-content/uploads/2020/10/100-la-kaza-es-chika-ma.ogg,https://sefarad.com.tr/wp-content/uploads/2020/10/100-la-kaza-es-chika-ma.jpeg
https://sefarad.com.tr/wp-content/uploads/2020/10/101-kuando-sara-i-moshe-vienen-del-echo.ogg,https://sefarad.com.tr/wp-content/uploads/2020/10/101-kuando-sara-i-moshe-vienen-del-echo-300x300.jpeg
https://sefarad.com.tr/wp-content/uploads/2020/10/102-les-plaze-deskansar-en-el-aver-limpio.ogg,https://sefarad.com.tr/wp-content/uploads/2020/10/102-les-plaze-deskansar-en-el-aver-limpio.jpeg
https://sefarad.com.tr/wp-content/uploads/2020/10/103-tambien-les-plaze-senar-en-la-guerta.ogg,https://sefarad.com.tr/wp-content/uploads/2020/10/103-tambien-les-plaze-senar-en-la-guerta.jpeg
https://sefarad.com.tr/wp-content/uploads/2020/10/104-la-sola-koza-ke-no-les-plaze-son-los-moshkos.ogg,https://sefarad.com.tr/wp-content/uploads/2020/10/104-la-sola-koza-ke-no-les-plaze-son-los-moshkos.jpeg
https://sefarad.com.tr/wp-content/uploads/2020/10/105-a-sara-no-le-plaze-gizar.ogg,https://sefarad.com.tr/wp-content/uploads/2020/10/105-a-sara-no-le-plaze-gizar.jpeg
https://sefarad.com.tr/wp-content/uploads/2020/10/106-moshe-giza-muy-bueno.ogg,https://sefarad.com.tr/wp-content/uploads/2020/10/106-moshe-giza-muy-bueno.jpeg
https://sefarad.com.tr/wp-content/uploads/2020/10/107-moshe-tiene-un-echo-yeno-de-stres.ogg,https://sefarad.com.tr/wp-content/uploads/2020/10/107-moshe-tiene-un-echo-yeno-de-stres.jpeg
https://sefarad.com.tr/wp-content/uploads/2020/10/108-oy-moshe-esta-gizando-rulikos.ogg,https://sefarad.com.tr/wp-content/uploads/2020/10/108-oy-moshe-esta-gizando-rulikos.jpeg
https://sefarad.com.tr/wp-content/uploads/2020/10/109-sara-esta-aparejando-la-meza.ogg,https://sefarad.com.tr/wp-content/uploads/2020/10/109-sara-esta-aparejando-la-meza.jpeg
https://sefarad.com.tr/wp-content/uploads/2020/10/110-despues-de-senar-sara-prepara-su-lavoro.ogg,https://sefarad.com.tr/wp-content/uploads/2020/10/110-despues-de-senar-sara-prepara-su-lavoro.jpeg
https://sefarad.com.tr/wp-content/uploads/2020/10/111-despues-de-cenar-moshe-mira.ogg,https://sefarad.com.tr/wp-content/uploads/2020/10/111-despues-de-cenar-moshe-mira.jpeg
https://sefarad.com.tr/wp-content/uploads/2020/10/112.-a-sara-i-moshe-les-plaze-meldar.ogg,https://sefarad.com.tr/wp-content/uploads/2020/10/112.-a-sara-i-moshe-les-plaze-meldar.jpeg
https://sefarad.com.tr/wp-content/uploads/2020/10/113.-sara-melda-livros-de-aventura.ogg,https://sefarad.com.tr/wp-content/uploads/2020/10/113.-sara-melda-livros-de-aventura.jpeg
https://sefarad.com.tr/wp-content/uploads/2020/10/114.-moshe-melda-livros-de-medisina-porke.ogg,https://sefarad.com.tr/wp-content/uploads/2020/10/114.-moshe-melda-livros-de-medisina-porke.jpeg
https://sefarad.com.tr/wp-content/uploads/2020/10/115.-viernes-la-tadre-sara-i-moshe-se-van-a-komer.ogg,https://sefarad.com.tr/wp-content/uploads/2020/10/115.-viernes-la-tadre-sara-i-moshe-se-van-a-komer.jpeg
https://sefarad.com.tr/wp-content/uploads/2020/10/116.-komen-de-las-buenas-komidas.ogg,https://sefarad.com.tr/wp-content/uploads/2020/10/116.-komen-de-las-buenas-komidas.jpeg
https://sefarad.com.tr/wp-content/uploads/2020/10/117.-los-fin-de-semana-sara-i-moshe-se-van-a-djugar-tenis.ogg,https://sefarad.com.tr/wp-content/uploads/2020/10/117.-los-fin-de-semana-sara-i-moshe-se-van-a-djugar-tenis.jpeg
https://sefarad.com.tr/wp-content/uploads/2020/10/118.-despues-de-djugar-tenis.ogg,https://sefarad.com.tr/wp-content/uploads/2020/10/118.-despues-de-djugar-tenis.jpeg
https://sefarad.com.tr/wp-content/uploads/2020/10/119.-a-moshe-le-plaze-irse-a-konsertos-de-muzika-klasika.ogg,https://sefarad.com.tr/wp-content/uploads/2020/10/119.-a-moshe-le-plaze-irse-a-konsertos-de-muzika-klasika.jpeg
https://sefarad.com.tr/wp-content/uploads/2020/10/120.-a-sara-le-plaze-irse-a-bares-de-djaz.ogg,https://sefarad.com.tr/wp-content/uploads/2020/10/120.-a-sara-le-plaze-irse-a-bares-de-djaz.jpeg
https://sefarad.com.tr/wp-content/uploads/2020/10/121.-sara-djuga-el-piano-en-kaza.ogg,https://sefarad.com.tr/wp-content/uploads/2020/10/121.-sara-djuga-el-piano-en-kaza-300x300.jpeg
https://sefarad.com.tr/wp-content/uploads/2020/10/122.-moshe-i-sara-se-van-a-lesones-de-tango.ogg,https://sefarad.com.tr/wp-content/uploads/2020/10/122.-moshe-i-sara-se-van-a-lesones-de-tango.jpeg
https://sefarad.com.tr/wp-content/uploads/2020/10/123.-moshe-trava-fotos-en-su-tiempo-libre.ogg,https://sefarad.com.tr/wp-content/uploads/2020/10/123.-moshe-trava-fotos-en-su-tiempo-libre.jpeg
https://sefarad.com.tr/wp-content/uploads/2020/10/124.-sara-korre-en-la-shara-en-su-tiempo-libre.ogg,https://sefarad.com.tr/wp-content/uploads/2020/10/124.-sara-korre-en-la-shara-en-su-tiempo-libre.jpeg
https://sefarad.com.tr/wp-content/uploads/2020/10/125.-moshe-i-sara-se-van-a-los-muzeos.ogg,https://sefarad.com.tr/wp-content/uploads/2020/10/125.-moshe-i-sara-se-van-a-los-muzeos.jpeg
https://sefarad.com.tr/wp-content/uploads/2020/10/126-sara-beve-8-kaves-al-dia.ogg,https://sefarad.com.tr/wp-content/uploads/2020/10/126-sara-beve-8-kaves-al-dia.jpeg
https://sefarad.com.tr/wp-content/uploads/2020/10/127-moshe-dize-a-sara-ke-no-es-bueno.ogg,https://sefarad.com.tr/wp-content/uploads/2020/10/127-moshe-dize-a-sara-ke-no-es-bueno.jpeg
https://sefarad.com.tr/wp-content/uploads/2020/10/128-moshe-dize-ke-muncho-kave-danya-el-korason.ogg,https://sefarad.com.tr/wp-content/uploads/2020/10/128-moshe-dize-ke-muncho-kave-danya-el-korason.jpeg
https://sefarad.com.tr/wp-content/uploads/2020/10/129-sara-dize-ke-su-echo-es-yeno-de-stres.ogg,https://sefarad.com.tr/wp-content/uploads/2020/10/129-sara-dize-ke-su-echo-es-yeno-de-stres.jpeg
https://sefarad.com.tr/wp-content/uploads/2020/10/130-moshe-dize-a-sara-ke-aga-meditasyon.ogg,https://sefarad.com.tr/wp-content/uploads/2020/10/130-moshe-dize-a-sara-ke-aga-meditasyon.jpeg
https://sefarad.com.tr/wp-content/uploads/2020/10/131-sara-dize-ke-la-meditasyom-le-toma-muncho-tiempo.ogg,https://sefarad.com.tr/wp-content/uploads/2020/10/131-sara-dize-ke-la-meditasyom-le-toma-muncho-tiempo.jpeg
https://sefarad.com.tr/wp-content/uploads/2020/10/132-moshe-dize-ke-kon-buena-voluntad.ogg,https://sefarad.com.tr/wp-content/uploads/2020/10/132-moshe-dize-ke-kon-buena-voluntad.jpeg
https://sefarad.com.tr/wp-content/uploads/2020/10/133-oy-moshe-esta-muy-orozo.ogg,https://sefarad.com.tr/wp-content/uploads/2020/10/133-oy-moshe-esta-muy-orozo.jpeg
https://sefarad.com.tr/wp-content/uploads/2020/10/134-toda-la-famiya-del-hazino-vinieron.ogg,https://sefarad.com.tr/wp-content/uploads/2020/10/134-toda-la-famiya-del-hazino-vinieron.jpeg
https://sefarad.com.tr/wp-content/uploads/2020/10/135-la-kamareta-del-hazino-esta-yena.ogg,https://sefarad.com.tr/wp-content/uploads/2020/10/135-la-kamareta-del-hazino-esta-yena.jpeg
https://sefarad.com.tr/wp-content/uploads/2020/10/136-moshe-esta-avlando-kon-la-famiya.ogg,https://sefarad.com.tr/wp-content/uploads/2020/10/136-moshe-esta-avlando-kon-la-famiya.jpeg
https://sefarad.com.tr/wp-content/uploads/2020/10/137-moshe-esta-muy-kontente-porke-el-hazino.ogg,https://sefarad.com.tr/wp-content/uploads/2020/10/137-moshe-esta-muy-kontente-porke-el-hazino.jpeg
https://sefarad.com.tr/wp-content/uploads/2020/10/138-la-mujer-del-hazino-le-trusho-a-moshe.ogg,https://sefarad.com.tr/wp-content/uploads/2020/10/138-la-mujer-del-hazino-le-trusho-a-moshe.jpeg
https://sefarad.com.tr/wp-content/uploads/2020/10/139-moshe-se-yevo-las-borekas-a-kaza.ogg,https://sefarad.com.tr/wp-content/uploads/2020/10/139-moshe-se-yevo-las-borekas-a-kaza.jpeg
https://sefarad.com.tr/wp-content/uploads/2020/10/140-oy-es-alhad-i-el-tiempo.ogg,https://sefarad.com.tr/wp-content/uploads/2020/10/140-oy-es-alhad-i-el-tiempo-300x300.jpeg
https://sefarad.com.tr/wp-content/uploads/2020/10/141-moshe-i-sara-se-estan-aparejando-para-ir-.ogg,https://sefarad.com.tr/wp-content/uploads/2020/10/141-moshe-i-sara-se-estan-aparejando-para-ir-.jpeg
https://sefarad.com.tr/wp-content/uploads/2020/10/142-la-madre-de-sara-les-trusho-albondigas.ogg,https://sefarad.com.tr/wp-content/uploads/2020/10/142-la-madre-de-sara-les-trusho-albondigas.jpeg
https://sefarad.com.tr/wp-content/uploads/2020/10/143-la-madre-de-moshe-les-trusho.ogg,https://sefarad.com.tr/wp-content/uploads/2020/10/143-la-madre-de-moshe-les-trusho.jpeg
https://sefarad.com.tr/wp-content/uploads/2020/10/144-moshe-i-sara-desidaron-de-yevar-sandviches.ogg,https://sefarad.com.tr/wp-content/uploads/2020/10/144-moshe-i-sara-desidaron-de-yevar-sandviches.jpeg
https://sefarad.com.tr/wp-content/uploads/2020/10/145-las-komidas-de-las-madre-se-las-van-a.ogg,https://sefarad.com.tr/wp-content/uploads/2020/10/145-las-komidas-de-las-madre-se-las-van-a.jpeg
https://sefarad.com.tr/wp-content/uploads/2020/10/146-sara-esta-aparejando-los-sandviches.ogg,https://sefarad.com.tr/wp-content/uploads/2020/10/146-sara-esta-aparejando-los-sandviches.jpeg
https://sefarad.com.tr/wp-content/uploads/2020/10/147-sara-i-moshe-tomaron-las-chantas-se-suvieron.ogg,https://sefarad.com.tr/wp-content/uploads/2020/10/147-sara-i-moshe-tomaron-las-chantas-se-suvieron.jpeg
https://sefarad.com.tr/wp-content/uploads/2020/10/148-sara-i-moshe-nadan-muncho.ogg,https://sefarad.com.tr/wp-content/uploads/2020/10/148-sara-i-moshe-nadan-muncho.jpeg
https://sefarad.com.tr/wp-content/uploads/2020/10/149-los-amigos-de-sara-i-moshe-tambien-estan-en-la-plaj.ogg,https://sefarad.com.tr/wp-content/uploads/2020/10/149-los-amigos-de-sara-i-moshe-tambien-estan-en-la-plaj.jpeg
https://sefarad.com.tr/wp-content/uploads/2020/10/150-los-ombres-estan-djugando-voleybol-de-plaj.ogg,https://sefarad.com.tr/wp-content/uploads/2020/10/150-los-ombres-estan-djugando-voleybol-de-plaj.jpeg
https://sefarad.com.tr/wp-content/uploads/2020/10/151-las-mujeres-estan-asentadas-en-el-cafe.ogg,https://sefarad.com.tr/wp-content/uploads/2020/10/151-las-mujeres-estan-asentadas-en-el-cafe.jpeg
https://sefarad.com.tr/wp-content/uploads/2020/10/152-kuando-los-ombres-eskaparon-de-djugar.ogg,https://sefarad.com.tr/wp-content/uploads/2020/10/152-kuando-los-ombres-eskaparon-de-djugar.jpeg
https://sefarad.com.tr/wp-content/uploads/2020/10/153-a-la-noche-todos-tornaron-a-kaza.ogg,https://sefarad.com.tr/wp-content/uploads/2020/10/153-a-la-noche-todos-tornaron-a-kaza.jpeg
https://sefarad.com.tr/wp-content/uploads/2020/10/154-los-amigos-de-moshe-son-rezin-kazados.ogg,https://sefarad.com.tr/wp-content/uploads/2020/10/154-los-amigos-de-moshe-son-rezin-kazados.jpeg
https://sefarad.com.tr/wp-content/uploads/2020/10/155-sara-i-moshe-estan-invitados-a-sus-kaza.ogg,https://sefarad.com.tr/wp-content/uploads/2020/10/155-sara-i-moshe-estan-invitados-a-sus-kaza.jpeg
https://sefarad.com.tr/wp-content/uploads/2020/10/156-sara-les-merko-un-ermozo-vazo.ogg,https://sefarad.com.tr/wp-content/uploads/2020/10/156-sara-les-merko-un-ermozo-vazo.jpeg
https://sefarad.com.tr/wp-content/uploads/2020/10/158-para-diferensyar-entre-las-Saras.ogg,https://sefarad.com.tr/wp-content/uploads/2020/10/158-para-diferensyar-entre-las-Saras.jpeg
https://sefarad.com.tr/wp-content/uploads/2020/10/159-kuando-vinieron-a-la-kaza-de-sara-i-rudi.ogg,https://sefarad.com.tr/wp-content/uploads/2020/10/159-kuando-vinieron-a-la-kaza-de-sara-i-rudi-300x300.jpeg
https://sefarad.com.tr/wp-content/uploads/2020/10/160-komieron-bevieron-i-pasaron.ogg,https://sefarad.com.tr/wp-content/uploads/2020/10/160-komieron-bevieron-i-pasaron.jpeg
https://sefarad.com.tr/wp-content/uploads/2020/10/161-sara-i-rudi-estan-muy-kansados.ogg,https://sefarad.com.tr/wp-content/uploads/2020/10/161-sara-i-rudi-estan-muy-kansados.jpeg
https://sefarad.com.tr/wp-content/uploads/2020/10/162-agora-es-tiempo-de-vakansas.ogg,https://sefarad.com.tr/wp-content/uploads/2020/10/162-agora-es-tiempo-de-vakansas.jpeg
https://sefarad.com.tr/wp-content/uploads/2020/10/163-los-kuatro-amigos-desidaron-de-irsen-a-çeşme.ogg,https://sefarad.com.tr/wp-content/uploads/2020/10/163-los-kuatro-amigos-desidaron-de-irsen-a-cesme.jpeg
https://sefarad.com.tr/wp-content/uploads/2020/10/164-la-famiya-de-rudi-tiene-una-kaza-en-çeşme.ogg,https://sefarad.com.tr/wp-content/uploads/2020/10/164-la-famiya-de-rudi-tiene-una-kaza-en-cesme.jpeg
https://sefarad.com.tr/wp-content/uploads/2020/10/165-la-kaza-de-la-famiya-de-rudi-esta-al-bodre-de-la-mar.ogg,https://sefarad.com.tr/wp-content/uploads/2020/10/165-la-kaza-de-la-famiya-de-rudi-esta-al-bodre-de-la-mar.jpeg
https://sefarad.com.tr/wp-content/uploads/2020/10/166-ay-restorantes-maraviyozos-en-çeşme.ogg,https://sefarad.com.tr/wp-content/uploads/2020/10/166-ay-restorantes-maraviyozos-en-cesme.jpeg
https://sefarad.com.tr/wp-content/uploads/2020/10/167-los-kinze-dias-de-vakansas-pasaron-muy-presto.ogg,https://sefarad.com.tr/wp-content/uploads/2020/10/167-los-kinze-dias-de-vakansas-pasaron-muy-presto.jpeg
https://sefarad.com.tr/wp-content/uploads/2020/10/168-moshe-tiene-una-sovrina.ogg,https://sefarad.com.tr/wp-content/uploads/2020/10/168-moshe-tiene-una-sovrina.jpeg
https://sefarad.com.tr/wp-content/uploads/2020/10/169.-Ayla-tiene-sesh-anyos.ogg,https://sefarad.com.tr/wp-content/uploads/2020/10/169.-Ayla-tiene-sesh-anyos.jpeg
https://sefarad.com.tr/wp-content/uploads/2020/10/170-ayla-empesa-la-eskola-primera.ogg,https://sefarad.com.tr/wp-content/uploads/2020/10/170-ayla-empesa-la-eskola-primera.jpeg
https://sefarad.com.tr/wp-content/uploads/2020/10/171-ayla-se-kere-ambezar-a-meldar.ogg,https://sefarad.com.tr/wp-content/uploads/2020/10/171-ayla-se-kere-ambezar-a-meldar.jpeg
https://sefarad.com.tr/wp-content/uploads/2020/10/172-ayla-tiene-un-ermano-mas-grande.ogg,https://sefarad.com.tr/wp-content/uploads/2020/10/172-ayla-tiene-un-ermano-mas-grande.jpeg
https://sefarad.com.tr/wp-content/uploads/2020/10/173-moshe-le-regalo-una-chanta-yena-de-livros.ogg,https://sefarad.com.tr/wp-content/uploads/2020/10/173-moshe-le-regalo-una-chanta-yena-de-livros.jpeg
https://sefarad.com.tr/wp-content/uploads/2020/10/174-ayla-esta-muy-kontente-de-su-eskola-mueva.ogg,https://sefarad.com.tr/wp-content/uploads/2020/10/174-ayla-esta-muy-kontente-de-su-eskola-mueva.jpeg
https://sefarad.com.tr/wp-content/uploads/2020/10/175.-el-ermano-de-ayla-se-yama-selim.ogg,https://sefarad.com.tr/wp-content/uploads/2020/10/175.-el-ermano-de-ayla-se-yama-selim.jpeg
https://sefarad.com.tr/wp-content/uploads/2020/10/176.-selim-es-un-muy-buen-elevo.ogg,https://sefarad.com.tr/wp-content/uploads/2020/10/176.-selim-es-un-muy-buen-elevo.jpeg
https://sefarad.com.tr/wp-content/uploads/2020/10/177.-Selim-tiene-munchos-hobis.ogg,https://sefarad.com.tr/wp-content/uploads/2020/10/177.-Selim-tiene-munchos-hobis.jpeg
https://sefarad.com.tr/wp-content/uploads/2020/10/178.-selim-is-us-amigos-tienen-un-ekipo.ogg,https://sefarad.com.tr/wp-content/uploads/2020/10/178.-selim-is-us-amigos-tienen-un-ekipo.jpeg
https://sefarad.com.tr/wp-content/uploads/2020/10/179.-oy-selim-i-su-ekipo-tienen-mach-de-futbol.ogg,https://sefarad.com.tr/wp-content/uploads/2020/10/179.-oy-selim-i-su-ekipo-tienen-mach-de-futbol.jpeg
https://sefarad.com.tr/wp-content/uploads/2020/10/180.-este-es-un-mach-muy-importante.ogg,https://sefarad.com.tr/wp-content/uploads/2020/10/180.-este-es-un-mach-muy-importante.jpeg
https://sefarad.com.tr/wp-content/uploads/2020/10/181.-toda-la-famiya-de-selim-estan-en-el-mach.ogg,https://sefarad.com.tr/wp-content/uploads/2020/10/181.-toda-la-famiya-de-selim-estan-en-el-mach-300x300.jpeg
https://sefarad.com.tr/wp-content/uploads/2020/10/182-ayla-i-selim-son-muy-buenos-ermanos.ogg,https://sefarad.com.tr/wp-content/uploads/2020/10/182-ayla-i-selim-son-muy-buenos-ermanos.jpeg
https://sefarad.com.tr/wp-content/uploads/2020/10/183-ayla-i-selim-se-van-a-la-mizma-eskola.ogg,https://sefarad.com.tr/wp-content/uploads/2020/10/183-ayla-i-selim-se-van-a-la-mizma-eskola.jpeg
https://sefarad.com.tr/wp-content/uploads/2020/10/184-ayla-i-selim-yegan-a-la-eskola-temprano.ogg,https://sefarad.com.tr/wp-content/uploads/2020/10/184-ayla-i-selim-yegan-a-la-eskola-temprano.jpeg
https://sefarad.com.tr/wp-content/uploads/2020/10/185-ayla-tiene-3-amigas-de-su-klasa.ogg,https://sefarad.com.tr/wp-content/uploads/2020/10/185-ayla-tiene-3-amigas-de-su-klasa.jpeg
https://sefarad.com.tr/wp-content/uploads/2020/10/186-selim-i-sus-amigos-siempre-djugan-kon-el-top-ke-tienen.ogg,https://sefarad.com.tr/wp-content/uploads/2020/10/186-selim-i-sus-amigos-siempre-djugan-kon-el-top-ke-tienen.jpeg
https://sefarad.com.tr/wp-content/uploads/2020/10/187-a-las-ocho-i-media-la-kampana.ogg,https://sefarad.com.tr/wp-content/uploads/2020/10/187-a-las-ocho-i-media-la-kampana-300x300.jpeg
https://sefarad.com.tr/wp-content/uploads/2020/10/188-todos-los-ijikos-azen-una-sira.ogg,https://sefarad.com.tr/wp-content/uploads/2020/10/188-todos-los-ijikos-azen-una-sira.jpeg
https://sefarad.com.tr/wp-content/uploads/2020/10/189-esta-semana-es-muy-importante.ogg,https://sefarad.com.tr/wp-content/uploads/2020/10/189-esta-semana-es-muy-importante-300x300.jpeg
https://sefarad.com.tr/wp-content/uploads/2020/10/190.-el-muevo-anyo-de-los-djudios.ogg,https://sefarad.com.tr/wp-content/uploads/2020/10/190.-el-muevo-anyo-de-los-djudios.jpeg
https://sefarad.com.tr/wp-content/uploads/2020/10/191.-todas-las-fiestas-son-buenas-okazyones.ogg,https://sefarad.com.tr/wp-content/uploads/2020/10/191.-todas-las-fiestas-son-buenas-okazyones.jpeg
https://sefarad.com.tr/wp-content/uploads/2020/10/192.-en-rosh-ashana-se-kome-de-todas.ogg,https://sefarad.com.tr/wp-content/uploads/2020/10/192.-en-rosh-ashana-se-kome-de-todas.jpeg
https://sefarad.com.tr/wp-content/uploads/2020/10/193.-la-tradision-es-ke-el-balaby-de-kaza.ogg,https://sefarad.com.tr/wp-content/uploads/2020/10/193.-la-tradision-es-ke-el-balaby-de-kaza.jpeg
https://sefarad.com.tr/wp-content/uploads/2020/10/194.-antes-a-los-chikos-se-regalava.ogg,https://sefarad.com.tr/wp-content/uploads/2020/10/194.-antes-a-los-chikos-se-regalava.jpeg
https://sefarad.com.tr/wp-content/uploads/2020/10/195-vos-auguramos-a-todos.ogg,https://sefarad.com.tr/wp-content/uploads/2020/10/195-vos-auguramos-a-todos.jpeg
https://sefarad.com.tr/wp-content/uploads/2020/10/196-oy-es-el-aniversaryo-de-Ayla.ogg,https://sefarad.com.tr/wp-content/uploads/2020/10/196-oy-es-el-aniversaryo-de-Ayla.jpeg
https://sefarad.com.tr/wp-content/uploads/2020/10/197-la-madre-de-ayla-invito-a-todas-las-amigas.ogg,https://sefarad.com.tr/wp-content/uploads/2020/10/197-la-madre-de-ayla-invito-a-todas-las-amigas.jpeg
https://sefarad.com.tr/wp-content/uploads/2020/10/198-ayla-tiene-un-fostan-muevo-para-su-parti.ogg,https://sefarad.com.tr/wp-content/uploads/2020/10/198-ayla-tiene-un-fostan-muevo-para-su-parti.jpeg
https://sefarad.com.tr/wp-content/uploads/2020/10/199-ayla-esta-ayudando-a-su-madre.ogg,https://sefarad.com.tr/wp-content/uploads/2020/10/199-ayla-esta-ayudando-a-su-madre.jpeg
https://sefarad.com.tr/wp-content/uploads/2020/10/200-la-madre-de-ayla-esta-aziendo-un-grande-gato-salami.ogg,https://sefarad.com.tr/wp-content/uploads/2020/10/200-la-madre-de-ayla-esta-aziendo-un-grande-gato-salami.jpeg
https://sefarad.com.tr/wp-content/uploads/2020/10/201-el-padre-de-ayla-esta-unflando-balones.ogg,https://sefarad.com.tr/wp-content/uploads/2020/10/201-el-padre-de-ayla-esta-unflando-balones.jpeg
https://sefarad.com.tr/wp-content/uploads/2020/10/202-todo-esta-pronto-ayla-esta-vistida.ogg,https://sefarad.com.tr/wp-content/uploads/2020/10/202-todo-esta-pronto_-ayla-esta-vistida-300x300.jpeg
https://sefarad.com.tr/wp-content/uploads/2020/10/203-ya-esta-4-i-media.-la-madre-de-ayla.ogg,https://sefarad.com.tr/wp-content/uploads/2020/10/203-ya-esta-4-i-media.-la-madre-de-ayla.jpeg
https://sefarad.com.tr/wp-content/uploads/2020/10/204-el-padre-de-ayla-esta-trayendo-el-gato-kon.ogg,https://sefarad.com.tr/wp-content/uploads/2020/10/204-el-padre-de-ayla-esta-trayendo-el-gato-kon.jpeg
https://sefarad.com.tr/wp-content/uploads/2020/10/205-todos-estan-kantando-la-kantika.ogg,https://sefarad.com.tr/wp-content/uploads/2020/10/205-todos-estan-kantando-la-kantika.jpeg
https://sefarad.com.tr/wp-content/uploads/2020/10/206-a-las-6-las-madres-de-las.ogg,https://sefarad.com.tr/wp-content/uploads/2020/10/206-a-las-6-las-madres-de-las-300x300.jpeg
https://sefarad.com.tr/wp-content/uploads/2020/10/207-despues-ke-todos-se-van-ayla.ogg,https://sefarad.com.tr/wp-content/uploads/2020/10/207-despues-ke-todos-se-van-ayla.jpeg
https://sefarad.com.tr/wp-content/uploads/2020/10/208-los-regalos-de-Ayla-estan-muy-ermozos.ogg,https://sefarad.com.tr/wp-content/uploads/2020/10/208-los-regalos-de-Ayla-estan-muy-ermozos.jpeg
https://sefarad.com.tr/wp-content/uploads/2020/10/209-a-las-siete-va-empesar-la-sigunda-parte.ogg,https://sefarad.com.tr/wp-content/uploads/2020/10/209-a-las-siete-va-empesar-la-sigunda-parte.jpeg
https://sefarad.com.tr/wp-content/uploads/2020/11/210-ya-estamos-en-Noviembre.ogg,https://sefarad.com.tr/wp-content/uploads/2020/10/210-ya-estamos-en-Noviembre.jpeg
https://sefarad.com.tr/wp-content/uploads/2020/11/211-Los-arvoles-ya-empesaron.ogg,https://sefarad.com.tr/wp-content/uploads/2020/10/211.-los-arvoles-ya-empesaron-a-verter.jpeg
https://sefarad.com.tr/wp-content/uploads/2020/11/212-Las-kolores-del-otonyo.ogg,https://sefarad.com.tr/wp-content/uploads/2020/10/212.-las-kolores-del-otonyo-me-plazen-muncho.jpeg
https://sefarad.com.tr/wp-content/uploads/2020/11/213-en-otonya-ya-empesan.ogg,https://sefarad.com.tr/wp-content/uploads/2020/10/213.-en-otonyo-ya-empesan-las-luvyas.jpeg
https://sefarad.com.tr/wp-content/uploads/2020/11/215-Los-dias-ya-se-azen.ogg,https://sefarad.com.tr/wp-content/uploads/2020/10/215.-los-dias-ya-se-azen-mas-kurtos.jpeg
https://sefarad.com.tr/wp-content/uploads/2020/11/216-la-natura-en-otonyo.ogg,https://sefarad.com.tr/wp-content/uploads/2020/10/216.-la-natura-en-otonyo-es-muy-ermoza.jpeg
https://sefarad.com.tr/wp-content/uploads/2020/11/217-Kontinuamos-kon-el-kumpleanyos.ogg,https://sefarad.com.tr/wp-content/uploads/2020/10/217-kontinuamos-kon-el-kumpleanyos-de-Ayla.jpeg
https://sefarad.com.tr/wp-content/uploads/2020/11/218-ya-esta-siete.ogg,https://sefarad.com.tr/wp-content/uploads/2020/10/218-ya-esta-siete.jpeg
https://sefarad.com.tr/wp-content/uploads/2020/11/219-despues-vienen-los-tios.ogg,https://sefarad.com.tr/wp-content/uploads/2020/10/220-despues-vienen-los-tios.jpeg
https://sefarad.com.tr/wp-content/uploads/2020/11/220-los-ombres-se-asentaron.ogg,https://sefarad.com.tr/wp-content/uploads/2020/10/221-los-ombres-se-asentaron.jpeg
https://sefarad.com.tr/wp-content/uploads/2020/11/221-las-mujeres-estan-en-el-mupak.ogg,https://sefarad.com.tr/wp-content/uploads/2020/10/222-las-mujeres-estan-en-el-mupak.jpeg
https://sefarad.com.tr/wp-content/uploads/2020/11/222-Ayla-esta-avryendo-los-regalos.ogg,https://sefarad.com.tr/wp-content/uploads/2020/10/223-ayla-esta-avryendo-los-regalos.jpeg
https://sefarad.com.tr/wp-content/uploads/2020/11/225-Komo-todos-lavoran.ogg,https://sefarad.com.tr/wp-content/uploads/2020/10/225-komo-todos-lavoran-muncho.jpeg
https://sefarad.com.tr/wp-content/uploads/2020/11/227-antes-todos-biviyan.ogg,https://sefarad.com.tr/wp-content/uploads/2020/10/227-antes-todos-biviyan-serka-300x300.jpeg
https://sefarad.com.tr/wp-content/uploads/2020/11/228.-Okazyones-familiales-son.ogg,https://sefarad.com.tr/wp-content/uploads/2020/10/228-okazyones-familiales-son-buenas-300x300.jpeg
https://sefarad.com.tr/wp-content/uploads/2020/11/229.-Todos-estan-riyendo.ogg,https://sefarad.com.tr/wp-content/uploads/2020/10/229-todos-estan-riyendo-kontando.jpeg
https://sefarad.com.tr/wp-content/uploads/2020/11/230.-Asi-pasaron-un-dia.ogg,https://sefarad.com.tr/wp-content/uploads/2020/10/230-asi-pasaron-un-dia-maraviyozo.jpeg
https://sefarad.com.tr/wp-content/uploads/2020/11/231.-un-poko-de-gramer.ogg,https://sefarad.com.tr/wp-content/uploads/2020/10/231-un-poko-de-gramer.jpeg
https://sefarad.com.tr/wp-content/uploads/2020/11/238-a-mi-me-plaze-muncho.ogg,https://sefarad.com.tr/wp-content/uploads/2020/10/238-a-mi-me-plaze-muncho.jpeg
https://sefarad.com.tr/wp-content/uploads/2020/11/239-la-semana-pasada.ogg,https://sefarad.com.tr/wp-content/uploads/2020/10/239-la-semana-pasada-era-el-aniversaryo.jpeg
https://sefarad.com.tr/wp-content/uploads/2020/11/240-Sara-se-fue-al-charshi.ogg,https://sefarad.com.tr/wp-content/uploads/2020/10/240-sara-se-fue-al-charshi-ayer.jpeg
https://sefarad.com.tr/wp-content/uploads/2020/11/243-es-bueno-saver-linguas.ogg,https://sefarad.com.tr/wp-content/uploads/2020/10/243-es-bueno-saver-linguas.jpeg
https://sefarad.com.tr/wp-content/uploads/2020/11/244-esta-siya-esta-rota.ogg,https://sefarad.com.tr/wp-content/uploads/2020/10/244-esta-siya-esta-rota.jpeg
https://sefarad.com.tr/wp-content/uploads/2020/11/245-los-verbos-ke-se-eskapan.ogg,https://sefarad.com.tr/wp-content/uploads/2020/10/245-los-verbos-ke-se-eskapan-kon.jpeg
https://sefarad.com.tr/wp-content/uploads/2020/11/247-a-mi-no-me-plaze.ogg,https://sefarad.com.tr/wp-content/uploads/2020/10/247-a-mi-no-me-plaze-suvir-eskaleras.jpeg
https://sefarad.com.tr/wp-content/uploads/2020/11/248-mis-amigos-son-fransezes.ogg,https://sefarad.com.tr/wp-content/uploads/2020/10/248-mis-amigos-son-fransezes.jpeg
https://sefarad.com.tr/wp-content/uploads/2020/11/249-la-semana-pasada-resivi.ogg,https://sefarad.com.tr/wp-content/uploads/2020/10/249-la-semana-pasada-resivi-un-regalo-muy-ermozo.jpeg
https://sefarad.com.tr/wp-content/uploads/2020/11/250-ayer-te-vide.ogg,https://sefarad.com.tr/wp-content/uploads/2020/10/250-ayer-te-vide-en-la-meza.jpeg
https://sefarad.com.tr/wp-content/uploads/2020/11/251-Salamon-ya-se-enviejesio.ogg,https://sefarad.com.tr/wp-content/uploads/2020/10/251-salamon-se-enviejesio.jpeg
https://sefarad.com.tr/wp-content/uploads/2020/11/252-hanuka-alegre.ogg,https://sefarad.com.tr/wp-content/uploads/2020/10/252-hanuka-alegre.jpeg
https://sefarad.com.tr/wp-content/uploads/2020/11/253-mi-madre-izo.ogg,https://sefarad.com.tr/wp-content/uploads/2020/10/253-mi-madre-izo-sufganiyot.jpeg
https://sefarad.com.tr/wp-content/uploads/2020/11/254-Alhad-la-noche.ogg,https://sefarad.com.tr/wp-content/uploads/2020/10/254-alhad-la-noche-asendimos.jpeg
https://sefarad.com.tr/wp-content/uploads/2020/11/255-los-chikos-se-englenearon.ogg,https://sefarad.com.tr/wp-content/uploads/2020/10/255-los-chikos-se-englenearon-300x300.jpeg
https://sefarad.com.tr/wp-content/uploads/2020/11/256-las-borekas-de-berendjena.ogg,https://sefarad.com.tr/wp-content/uploads/2020/10/256-las-borekas-de-berendjen.jpeg
https://sefarad.com.tr/wp-content/uploads/2020/11/257-uvo-munchas-aktividades.ogg,https://sefarad.com.tr/wp-content/uploads/2020/10/257-uvo-munchas-aktividades.jpeg
https://sefarad.com.tr/wp-content/uploads/2020/11/258-Hanuka-se-eskapo.ogg,https://sefarad.com.tr/wp-content/uploads/2020/10/258-hanuka-se-eskapo.jpeg
https://sefarad.com.tr/wp-content/uploads/2020/11/259-verbos-irregolares.ogg,https://sefarad.com.tr/wp-content/uploads/2020/10/259-esta-semana-verbos-irregulares.jpeg
https://sefarad.com.tr/wp-content/uploads/2020/11/260-Ayer-no-me-fui.ogg,https://sefarad.com.tr/wp-content/uploads/2020/10/260-ayer-no-me-fui-a-la-eskola.jpeg
https://sefarad.com.tr/wp-content/uploads/2020/11/261-la-semana-pasada-tuve.ogg,https://sefarad.com.tr/wp-content/uploads/2020/10/261-la-semana-pasada-tuve-muncho-echo.jpeg
https://sefarad.com.tr/wp-content/uploads/2020/11/262-kuando-eramos-chikos.ogg,https://sefarad.com.tr/wp-content/uploads/2020/10/262-kuando-eramos-chikos.jpeg
https://sefarad.com.tr/wp-content/uploads/2020/11/263-martes-la-noche-se-eskapo.ogg,https://sefarad.com.tr/wp-content/uploads/2020/10/263-martes-la-noche-se-eskapo.jpeg
https://sefarad.com.tr/wp-content/uploads/2020/11/264-uvo-munchos-problemas.ogg,https://sefarad.com.tr/wp-content/uploads/2020/10/264-uvo-munchos-problemes-en-el-mundo.jpeg
https://sefarad.com.tr/wp-content/uploads/2020/11/266-el-invierno-ya-vino.ogg,https://sefarad.com.tr/wp-content/uploads/2020/10/266-el-invierno-ya-vino.jpeg
https://sefarad.com.tr/wp-content/uploads/2020/11/268-kuando-aze-muncha-inyeve.ogg,https://sefarad.com.tr/wp-content/uploads/2020/10/268-kuando-aze-muncha-inieve.jpeg
https://sefarad.com.tr/wp-content/uploads/2020/11/269-no-es-tan-ermozo.ogg,https://sefarad.com.tr/wp-content/uploads/2020/10/269-no-es-tan-ermozo-por-la-djente.jpeg
https://sefarad.com.tr/wp-content/uploads/2020/11/270-los-kaminos-se-serran.ogg,https://sefarad.com.tr/wp-content/uploads/2020/10/270-los-kaminos-se-serran.jpeg
https://sefarad.com.tr/wp-content/uploads/2020/11/271-si-yegas-a-kaza.ogg,https://sefarad.com.tr/wp-content/uploads/2020/10/271.-si-yegas-a-kaza-sano-i-rezio.jpeg
https://sefarad.com.tr/wp-content/uploads/2020/11/272-no-ay-una-koza.ogg,https://sefarad.com.tr/wp-content/uploads/2020/10/272-no-ay-una-koza-mas-romantika.jpeg
https://sefarad.com.tr/wp-content/uploads/2020/11/273-en-invierno-mos-vistimos.ogg,https://sefarad.com.tr/wp-content/uploads/2020/10/273-en-invierno-mos-vistimos.jpeg
https://sefarad.com.tr/wp-content/uploads/2020/11/274-kuando-esta-yelado.ogg,https://sefarad.com.tr/wp-content/uploads/2020/10/274-kuando-esta-yelado-es-mijor.jpeg
https://sefarad.com.tr/wp-content/uploads/2020/11/275-los-ke-salen-muy-temprano.ogg,https://sefarad.com.tr/wp-content/uploads/2020/10/275-los-ke-salen-muy-temprano-por-la-manyana.jpeg
https://sefarad.com.tr/wp-content/uploads/2020/11/276-en-estambol-en-invierno.ogg,https://sefarad.com.tr/wp-content/uploads/2020/10/276-es-estambol-en-invierno.jpeg
https://sefarad.com.tr/wp-content/uploads/2020/11/278-Kon-el-invierno-empesan.ogg,https://sefarad.com.tr/wp-content/uploads/2020/10/278-kon-el-invierno-empesan-tambien-las-gripes.jpeg
https://sefarad.com.tr/wp-content/uploads/2020/11/279-komer-un-kivi-.ogg,https://sefarad.com.tr/wp-content/uploads/2020/10/279-komer-un-kivi-al-dia-es-muy-bueno.jpeg
https://sefarad.com.tr/wp-content/uploads/2020/11/280-kuando-era-chika.ogg,https://sefarad.com.tr/wp-content/uploads/2020/10/280-kuando-era-chika-mos-ivamos.jpeg
https://sefarad.com.tr/wp-content/uploads/2020/11/282-los-kavayos-de-büyükada.ogg,https://sefarad.com.tr/wp-content/uploads/2020/10/282-los-kavayos-de-Buyukada-eran.jpeg
https://sefarad.com.tr/wp-content/uploads/2020/11/283-uvo-problemes-kon-.ogg,https://sefarad.com.tr/wp-content/uploads/2020/10/283-uvo-problemes-kon-los-kavayos.jpeg
https://sefarad.com.tr/wp-content/uploads/2020/11/284-agora-desidaron-de.ogg,https://sefarad.com.tr/wp-content/uploads/2020/10/284-agora-desidaron-de-kitar-los-kavayos.jpeg
https://sefarad.com.tr/wp-content/uploads/2020/11/285-puede-ser-ke-va-ser.ogg,https://sefarad.com.tr/wp-content/uploads/2020/10/285-puede-ser-ke-va-ser-mijor-para-los-kavayos.jpeg
https://sefarad.com.tr/wp-content/uploads/2020/11/287-ay-unos-dias-ke-estan.ogg,https://sefarad.com.tr/wp-content/uploads/2020/10/287-hay-unos-dias-ke-estan-diziendo-ke.jpeg
https://sefarad.com.tr/wp-content/uploads/2020/11/290-la-populasion-de-Estambol.ogg,https://sefarad.com.tr/wp-content/uploads/2020/10/290-la-populason-de-Estambol-es-tan-grande.jpeg
https://sefarad.com.tr/wp-content/uploads/2020/11/293-kale-protejarmos-kontra.ogg,https://sefarad.com.tr/wp-content/uploads/2020/10/293-kale-protejarmos-kontra-los-mikropes.jpeg
https://sefarad.com.tr/wp-content/uploads/2020/11/294-el-dia-16-de-febrero.ogg,https://sefarad.com.tr/wp-content/uploads/2020/10/294-el-dia-16-de-febrero-vamos-a-selebrar.jpeg
https://sefarad.com.tr/wp-content/uploads/2020/11/296-el-16-de-febrero-tenemos.ogg,https://sefarad.com.tr/wp-content/uploads/2020/10/295-el-16-de-febrero-tenemos-munchas-aktividades.jpeg
https://sefarad.com.tr/wp-content/uploads/2020/11/296-por-la-demanyana-del-16.ogg,https://sefarad.com.tr/wp-content/uploads/2020/10/296-por-la-demanyana-del-16-de-febrero.jpeg
https://sefarad.com.tr/wp-content/uploads/2020/11/298-despues-de-midi-el-koro.ogg,https://sefarad.com.tr/wp-content/uploads/2020/10/298-despues-de-midi-el-koro-estreyikas.jpeg
https://sefarad.com.tr/wp-content/uploads/2020/11/299-despues-del-konserto.ogg,https://sefarad.com.tr/wp-content/uploads/2020/10/299-despues-del-konsierto-tenemos-el-gute.jpeg
https://sefarad.com.tr/wp-content/uploads/2020/11/300-vos-asperamos-a-todos.ogg,https://sefarad.com.tr/wp-content/uploads/2020/10/300-vos-asperamos-a-todos-el-dia-16-de-febrero.jpeg
https://sefarad.com.tr/wp-content/uploads/2020/11/301-si-vos-plaze-teatros.ogg,https://sefarad.com.tr/wp-content/uploads/2020/10/301-si-vos-plaze-teatros-vini-el-16-de-febrero.jpeg
https://sefarad.com.tr/wp-content/uploads/2020/11/302-el-anyo-pasado-la.ogg,https://sefarad.com.tr/wp-content/uploads/2020/10/302-el-anyo-pasado-la-piesa-del.jpeg
https://sefarad.com.tr/wp-content/uploads/2020/11/303-este-anyo-forti-barokas.ogg,https://sefarad.com.tr/wp-content/uploads/2020/10/303-este-anyo-forti-barokas.jpeg
https://sefarad.com.tr/wp-content/uploads/2020/11/304-los-aktores-de-la-piesa.ogg,https://sefarad.com.tr/wp-content/uploads/2020/10/304-los-aktores-de-la-piesa-muzikal.jpeg
https://sefarad.com.tr/wp-content/uploads/2020/11/306-los-aktores-son-todos-amtores.ogg,https://sefarad.com.tr/wp-content/uploads/2020/10/305-los-aktores-son-todos-amatores.jpeg
https://sefarad.com.tr/wp-content/uploads/2020/11/306-kada-anyo-dizimos.ogg,https://sefarad.com.tr/wp-content/uploads/2020/10/306-kada-anyo-dizimos-este-anyo.jpeg
https://sefarad.com.tr/wp-content/uploads/2020/11/307-el-teatro-es-komo.ogg,https://sefarad.com.tr/wp-content/uploads/2020/10/307-el-teatro-es-komo-un-virus.jpeg
https://sefarad.com.tr/wp-content/uploads/2020/11/265-esperamos-tener-un-anyo.ogg,https://sefarad.com.tr/wp-content/uploads/2020/10/esperamos-tener-un-anyo-bueno.jpeg
https://sefarad.com.tr/wp-content/uploads/2020/11/232.-Un-poko-de-gramer-2.ogg,https://sefarad.com.tr/wp-content/uploads/2020/10/232-komo-savesh-ay-tres-maneras.jpeg
https://sefarad.com.tr/wp-content/uploads/2020/11/242-a-mi-maridao.ogg,https://sefarad.com.tr/wp-content/uploads/2020/10/242-a-mi-marido-le-plaze-muncho-kaminar-300x300.jpeg
https://sefarad.com.tr/wp-content/uploads/2020/11/281-La-Mar-Marmara.ogg,https://sefarad.com.tr/wp-content/uploads/2020/10/281-la-mar-marmara-es-una-de-la-mijores.jpeg
https://sefarad.com.tr/wp-content/uploads/2020/11/234-un-poko-de-gramer-4.ogg,https://sefarad.com.tr/wp-content/uploads/2020/10/234.-otro-egzemplo-baylar.jpeg
https://sefarad.com.tr/wp-content/uploads/2020/11/297-a-mediodia-del-16.ogg,https://sefarad.com.tr/wp-content/uploads/2020/10/297-a-mediodia-del-16-de-febrero-tenemos-una-komida-muy-savroza.jpeg
https://sefarad.com.tr/wp-content/uploads/2020/11/214-ya-es-tiempo-de-guadrar.ogg,https://sefarad.com.tr/wp-content/uploads/2020/10/214.-ya-es-tiempo-de-guadrar-las-vistimientas-del-enverano.jpeg
https://sefarad.com.tr/wp-content/uploads/2020/11/291-en-estos-dias-esta.ogg,https://sefarad.com.tr/wp-content/uploads/2020/10/291-en-esto-dias-esta-afitando-munchos-terremotos.jpeg
https://sefarad.com.tr/wp-content/uploads/2020/11/224-Toda-la-famiya.ogg,https://sefarad.com.tr/wp-content/uploads/2020/10/224-toda-la-famiya-estan-muy-kontentes.jpeg
https://sefarad.com.tr/wp-content/uploads/2020/11/277-kuando-esta-yelado.ogg,https://sefarad.com.tr/wp-content/uploads/2020/10/277-kuando-esta-yelado-es-mijor-tomar-vitaminas.jpeg
https://sefarad.com.tr/wp-content/uploads/2020/11/233-un-poko-de-gramer-3.ogg,https://sefarad.com.tr/wp-content/uploads/2020/10/233.-azeremos-un-egzemplo-kaminar.jpeg
https://sefarad.com.tr/wp-content/uploads/2020/11/241-Antes-dos-moches.ogg,https://sefarad.com.tr/wp-content/uploads/2020/10/241-antes-dos-noches-mi-marido-i-yo-mos-fuimos-a-baylar.jpeg
https://sefarad.com.tr/wp-content/uploads/2020/11/267-para-los-chiko.ogg,https://sefarad.com.tr/wp-content/uploads/2020/10/267-para-los-chikos-los-mas-ermozos-300x300.jpeg
https://sefarad.com.tr/wp-content/uploads/2020/11/286-sin-sus-karros-.ogg,https://sefarad.com.tr/wp-content/uploads/2020/10/286-sin-sus-karros-a-kavayos-sin-su-mar-limpia.jpeg
https://sefarad.com.tr/wp-content/uploads/2020/11/236-un-poko-de-gramer-6.ogg,https://sefarad.com.tr/wp-content/uploads/2020/10/236.-el-pasado-kantar.jpeg
https://sefarad.com.tr/wp-content/uploads/2020/11/288-en-esta-sezon.ogg,https://sefarad.com.tr/wp-content/uploads/2020/10/288-en-esta-sezon-munchas-personas-se-azen-hazinas.jpeg
https://sefarad.com.tr/wp-content/uploads/2020/11/226-Los-granpapas.ogg,https://sefarad.com.tr/wp-content/uploads/2020/10/226-los-granpapas-i-las-granmamas-se-eskarinyan.jpeg
https://sefarad.com.tr/wp-content/uploads/2020/11/292-todos-devemos.ogg,https://sefarad.com.tr/wp-content/uploads/2020/10/292-todos-devemos-estar-preparados-para-un-terremoto.jpeg
https://sefarad.com.tr/wp-content/uploads/2020/11/237-un-poko-de-gramer-7.ogg,https://sefarad.com.tr/wp-content/uploads/2020/10/237.-el-lpasado-gizar.jpeg
https://sefarad.com.tr/wp-content/uploads/2020/11/246.-ayer-le-eskrivi.ogg,https://sefarad.com.tr/wp-content/uploads/2020/10/246-ayer-le-eskrivi-una-letra-a-mi-amiga.jpeg
https://sefarad.com.tr/wp-content/uploads/2020/11/235-un-poko-de-gramer-.ogg,https://sefarad.com.tr/wp-content/uploads/2020/10/235.-meldar.jpeg
